name,path,caption
self_portrait_1,/art/self_portrait/1.png,"Self Portrait? (2024), ATH, Experimental Abstracted Portraiture, a series created using p5.js, capturing still shots from live webcam footage."
self_portrait_2,/art/self_portrait/2.png,"Self Portrait? (2024), ATH, Experimental Abstracted Portraiture, a series created using p5.js, capturing still shots from live webcam footage."
self_portrait_3,/art/self_portrait/3.png,"Self Portrait? (2024), ATH, Experimental Abstracted Portraiture, a series created using p5.js, capturing still shots from live webcam footage."
self_portrait_4,/art/self_portrait/4.png,"Self Portrait? (2024), ATH, Experimental Abstracted Portraiture, a series created using p5.js, capturing still shots from live webcam footage."
self_portrait_5,/art/self_portrait/5.png,"Self Portrait? (2024), ATH, Experimental Abstracted Portraiture, a series created using p5.js, capturing still shots from live webcam footage."
self_portrait_6,/art/self_portrait/6.png,"Self Portrait? (2024), ATH, Experimental Abstracted Portraiture, a series created using p5.js, capturing still shots from live webcam footage."
self_portrait_7,/art/self_portrait/7.png,"Self Portrait? (2024), ATH, Experimental Abstracted Portraiture, a series created using p5.js, capturing still shots from live webcam footage."
self_portrait_8,/art/self_portrait/8.png,"Self Portrait? (2024), ATH, Experimental Abstracted Portraiture, a series created using p5.js, capturing still shots from live webcam footage."
self_portrait_9,/art/self_portrait/9.png,"Self Portrait? (2024), ATH, Experimental Abstracted Portraiture, a series created using p5.js, capturing still shots from live webcam footage."
self_portrait_10,/art/self_portrait/10.png,"Self Portrait? (2024), ATH, Experimental Abstracted Portraiture, a series created using p5.js, capturing still shots from live webcam footage."
self_portrait_11,/art/self_portrait/11.png,"Self Portrait? (2024), ATH, Experimental Abstracted Portraiture, a series created using p5.js, capturing still shots from live webcam footage."
self_portrait_12,/art/self_portrait/12.png,"Self Portrait? (2024), ATH, Experimental Abstracted Portraiture, a series created using p5.js, capturing still shots from live webcam footage."
self_portrait_13,/art/self_portrait/13.png,"Self Portrait? (2024), ATH, Experimental Abstracted Portraiture, a series created using p5.js, capturing still shots from live webcam footage."
self_portrait_14,/art/self_portrait/14.png,"Self Portrait? (2024), ATH, Experimental Abstracted Portraiture, a series created using p5.js, capturing still shots from live webcam footage."
self_portrait_15,/art/self_portrait/15.png,"Self Portrait? (2024), ATH, Experimental Abstracted Portraiture, a series created using p5.js, capturing still shots from live webcam footage."
self_portrait_16,/art/self_portrait/16.png,"Self Portrait? (2024), ATH, Experimental Abstracted Portraiture, a series created using p5.js, capturing still shots from live webcam footage."
self_portrait_17,/art/self_portrait/17.png,"Self Portrait? (2024), ATH, Experimental Abstracted Portraiture, a series created using p5.js, capturing still shots from live webcam footage."
self_portrait_18,/art/self_portrait/18.png,"Self Portrait? (2024), ATH, Experimental Abstracted Portraiture, a series created using p5.js, capturing still shots from live webcam footage."
self_portrait_19,/art/self_portrait/19.png,"Self Portrait? (2024), ATH, Experimental Abstracted Portraiture, a series created using p5.js, capturing still shots from live webcam footage."
self_portrait_20,/art/self_portrait/20.png,"Self Portrait? (2024), ATH, Experimental Abstracted Portraiture, a series created using p5.js, capturing still shots from live webcam footage."
self_portrait_21,/art/self_portrait/21.png,"Self Portrait? (2024), ATH, Experimental Abstracted Portraiture, a series created using p5.js, capturing still shots from live webcam footage."
self_portrait_22,/art/self_portrait/22.png,"Self Portrait? (2024), ATH, Experimental Abstracted Portraiture, a series created using p5.js, capturing still shots from live webcam footage."
self_portrait_23,/art/self_portrait/23.png,"Self Portrait? (2024), ATH, Experimental Abstracted Portraiture, a series created using p5.js, capturing still shots from live webcam footage."
self_portrait_24,/art/self_portrait/24.png,"Self Portrait? (2024), ATH, Experimental Abstracted Portraiture, a series created using p5.js, capturing still shots from live webcam footage."
self_portrait_25,/art/self_portrait/25.png,"Self Portrait? (2024), ATH, Experimental Abstracted Portraiture, a series created using p5.js, capturing still shots from live webcam footage."
self_portrait_26,/art/self_portrait/26.png,"Self Portrait? (2024), ATH, Experimental Abstracted Portraiture, a series created using p5.js, capturing still shots from live webcam footage."
self_portrait_27,/art/self_portrait/27.png,"Self Portrait? (2024), ATH, Experimental Abstracted Portraiture, a series created using p5.js, capturing still shots from live webcam footage."
self_portrait_28,/art/self_portrait/28.png,"Self Portrait? Feat. Luvi, (2024), ATH, Experimental Abstracted Portraiture, a series created using p5.js, capturing still shots from live webcam footage."
self_portrait_29,/art/self_portrait/29.png,"Self Portrait? (2024), ATH, Experimental Abstracted Portraiture, a series created using p5.js, capturing still shots from live webcam footage."
self_portrait_30,/art/self_portrait/30.png,"Self Portrait? (2024), ATH, Experimental Abstracted Portraiture, a series created using p5.js, capturing still shots from live webcam footage."
self_portrait_31,/art/self_portrait/31.png,"Self Portrait? (2024), ATH, Experimental Abstracted Portraiture, a series created using p5.js, capturing still shots from live webcam footage."
self_portrait_32,/art/self_portrait/32.png,"Self Portrait? (2024), ATH, Experimental Abstracted Portraiture, a series created using p5.js, capturing still shots from live webcam footage."
self_portrait_33,/art/self_portrait/33.png,"Self Portrait? (2024), ATH, Experimental Abstracted Portraiture, a series created using p5.js, capturing still shots from live webcam footage."
self_portrait_34,/art/self_portrait/34.png,"Self Portrait? (2024), ATH, Experimental Abstracted Portraiture, a series created using p5.js, capturing still shots from live webcam footage."
self_portrait_35,/art/self_portrait/35.png,"Self Portrait? (2024), ATH, Experimental Abstracted Portraiture, a series created using p5.js, capturing still shots from live webcam footage."
self_portrait_36,/art/self_portrait/36.png,"Self Portrait? (2024), ATH, Experimental Abstracted Portraiture, a series created using p5.js, capturing still shots from live webcam footage."
self_portrait_37,/art/self_portrait/37.png,"Self Portrait? (2024), ATH, Experimental Abstracted Portraiture, a series created using p5.js, capturing still shots from live webcam footage."
self_portrait_38,/art/self_portrait/38.png,"Self Portrait? (2024), ATH, Experimental Abstracted Portraiture, a series created using p5.js, capturing still shots from live webcam footage."
self_portrait_39,/art/self_portrait/39.png,"Self Portrait? (2024), ATH, Experimental Abstracted Portraiture, a series created using p5.js, capturing still shots from live webcam footage."
self_portrait_40,/art/self_portrait/40.png,"Self Portrait? (2024), ATH, Experimental Abstracted Portraiture, a series created using p5.js, capturing still shots from live webcam footage."
self_portrait_41,/art/self_portrait/41.png,"Self Portrait? (2024), ATH, Experimental Abstracted Portraiture, a series created using p5.js, capturing still shots from live webcam footage."
self_portrait_42,/art/self_portrait/42.png,"Self Portrait? (2024), ATH, Experimental Abstracted Portraiture, a series created using p5.js, capturing still shots from live webcam footage."
self_portrait_43,/art/self_portrait/43.png,"Self Portrait? Feat. Beau, (2024), ATH, Experimental Abstracted Portraiture, a series created using p5.js, capturing still shots from live webcam footage."
DM_V1_001,/art/The_Drawing_Machine/Version_1/001.png,"The Drawing Machine, Version 1 , 001, ATH, 2024."
DM_V1_002,/art/The_Drawing_Machine/Version_1/002.png,"The Drawing Machine, Version 1 , 002, ATH, 2024."
DM_V1_003,/art/The_Drawing_Machine/Version_1/003.png,"The Drawing Machine, Version 1 , 003, ATH, 2024."
DM_V1_004,/art/The_Drawing_Machine/Version_1/004.png,"The Drawing Machine, Version 1 , 004, ATH, 2024."
DM_V1_005,/art/The_Drawing_Machine/Version_1/005.png,"The Drawing Machine, Version 1 , 005, ATH, 2024."
DM_V1_006,/art/The_Drawing_Machine/Version_1/006.png,"The Drawing Machine, Version 1 , 006, ATH, 2024."
DM_V1_007,/art/The_Drawing_Machine/Version_1/007.png,"The Drawing Machine, Version 1 , 007, ATH, 2024."
DM_V1_008,/art/The_Drawing_Machine/Version_1/008.png,"The Drawing Machine, Version 1 , 008, ATH, 2024."
DM_V1_009,/art/The_Drawing_Machine/Version_1/009.png,"The Drawing Machine, Version 1 , 009, ATH, 2024."
DM_V1_010,/art/The_Drawing_Machine/Version_1/010.png,"The Drawing Machine, Version 1 , 010, ATH, 2024."
DM_V1_011,/art/The_Drawing_Machine/Version_1/011.png,"The Drawing Machine, Version 1 , 011, ATH, 2024."
DM_V1_012,/art/The_Drawing_Machine/Version_1/012.png,"The Drawing Machine, Version 1 , 012, ATH, 2024."
DM_V1_013,/art/The_Drawing_Machine/Version_1/013.png,"The Drawing Machine, Version 1 , 013, ATH, 2024."
DM_V1_014,/art/The_Drawing_Machine/Version_1/014.png,"The Drawing Machine, Version 1 , 014, ATH, 2024."
DM_V1_015,/art/The_Drawing_Machine/Version_1/015.png,"The Drawing Machine, Version 1 , 015, ATH, 2024."
DM_V1_016,/art/The_Drawing_Machine/Version_1/016.png,"The Drawing Machine, Version 1 , 016, ATH, 2024."
DM_V1_017,/art/The_Drawing_Machine/Version_1/017.png,"The Drawing Machine, Version 1 , 017, ATH, 2024."
DM_V1_018,/art/The_Drawing_Machine/Version_1/018.png,"The Drawing Machine, Version 1 , 018, ATH, 2024."
DM_V1_019,/art/The_Drawing_Machine/Version_1/019.png,"The Drawing Machine, Version 1 , 019, ATH, 2024."
DM_V1_020,/art/The_Drawing_Machine/Version_1/020.png,"The Drawing Machine, Version 1 , 020, ATH, 2024."
DM_V1_021,/art/The_Drawing_Machine/Version_1/021.png,"The Drawing Machine, Version 1 , 021, ATH, 2024."
DM_V1_022,/art/The_Drawing_Machine/Version_1/022.png,"The Drawing Machine, Version 1 , 022, ATH, 2024."
DM_V1_023,/art/The_Drawing_Machine/Version_1/023.png,"The Drawing Machine, Version 1 , 023, ATH, 2024."
DM_V1_024,/art/The_Drawing_Machine/Version_1/024.png,"The Drawing Machine, Version 1 , 024, ATH, 2024."
DM_V1_025,/art/The_Drawing_Machine/Version_1/025.png,"The Drawing Machine, Version 1 , 025, ATH, 2024."
DM_V1_026,/art/The_Drawing_Machine/Version_1/026.png,"The Drawing Machine, Version 1 , 026, ATH, 2024."
DM_V1_027,/art/The_Drawing_Machine/Version_1/027.png,"The Drawing Machine, Version 1 , 027, ATH, 2024."
DM_V1_028,/art/The_Drawing_Machine/Version_1/028.png,"The Drawing Machine, Version 1 , 028, ATH, 2024."
DM_V1_029,/art/The_Drawing_Machine/Version_1/029.png,"The Drawing Machine, Version 1 , 029, ATH, 2024."
DM_V1_030,/art/The_Drawing_Machine/Version_1/030.png,"The Drawing Machine, Version 1 , 030, ATH, 2024."
DM_V1_031,/art/The_Drawing_Machine/Version_1/031.png,"The Drawing Machine, Version 1 , 031, ATH, 2024."
DM_V1_032,/art/The_Drawing_Machine/Version_1/032.png,"The Drawing Machine, Version 1 , 032, ATH, 2024."
DM_V1_033,/art/The_Drawing_Machine/Version_1/033.png,"The Drawing Machine, Version 1 , 033, ATH, 2024."
DM_V1_034,/art/The_Drawing_Machine/Version_1/034.png,"The Drawing Machine, Version 1 , 034, ATH, 2024."
DM_V1_035,/art/The_Drawing_Machine/Version_1/035.png,"The Drawing Machine, Version 1 , 035, ATH, 2024."
DM_V1_036,/art/The_Drawing_Machine/Version_1/036.png,"The Drawing Machine, Version 1 , 036, ATH, 2024."
DM_V1_037,/art/The_Drawing_Machine/Version_1/037.png,"The Drawing Machine, Version 1 , 037, ATH, 2024."
DM_V1_038,/art/The_Drawing_Machine/Version_1/038.png,"The Drawing Machine, Version 1 , 038, ATH, 2024."
DM_V1_039,/art/The_Drawing_Machine/Version_1/039.png,"The Drawing Machine, Version 1 , 039, ATH, 2024."
DM_V1_040,/art/The_Drawing_Machine/Version_1/040.png,"The Drawing Machine, Version 1 , 040, ATH, 2024."
DM_V1_041,/art/The_Drawing_Machine/Version_1/041.png,"The Drawing Machine, Version 1 , 041, ATH, 2024."
DM_V1_042,/art/The_Drawing_Machine/Version_1/042.png,"The Drawing Machine, Version 1 , 042, ATH, 2024."
DM_V1_043,/art/The_Drawing_Machine/Version_1/043.png,"The Drawing Machine, Version 1 , 043, ATH, 2024."
DM_V1_044,/art/The_Drawing_Machine/Version_1/044.png,"The Drawing Machine, Version 1 , 044, ATH, 2024."
DM_V1_045,/art/The_Drawing_Machine/Version_1/045.png,"The Drawing Machine, Version 1 , 045, ATH, 2024."
DM_V1_046,/art/The_Drawing_Machine/Version_1/046.png,"The Drawing Machine, Version 1 , 046, ATH, 2024."
DM_V1_047,/art/The_Drawing_Machine/Version_1/047.png,"The Drawing Machine, Version 1 , 047, ATH, 2024."
DM_V1_048,/art/The_Drawing_Machine/Version_1/048.png,"The Drawing Machine, Version 1 , 048, ATH, 2024."
DM_V1_049,/art/The_Drawing_Machine/Version_1/049.png,"The Drawing Machine, Version 1 , 049, ATH, 2024."
DM_V1_050,/art/The_Drawing_Machine/Version_1/050.png,"The Drawing Machine, Version 1 , 050, ATH, 2024."
DM_V1_051,/art/The_Drawing_Machine/Version_1/051.png,"The Drawing Machine, Version 1 , 051, ATH, 2024."
DM_V1_052,/art/The_Drawing_Machine/Version_1/052.png,"The Drawing Machine, Version 1 , 052, ATH, 2024."
DM_V1_053,/art/The_Drawing_Machine/Version_1/053.png,"The Drawing Machine, Version 1 , 053, ATH, 2024."
DM_V1_054,/art/The_Drawing_Machine/Version_1/054.png,"The Drawing Machine, Version 1 , 054, ATH, 2024."
DM_V1_055,/art/The_Drawing_Machine/Version_1/055.png,"The Drawing Machine, Version 1 , 055, ATH, 2024."
DM_V1_056,/art/The_Drawing_Machine/Version_1/056.png,"The Drawing Machine, Version 1 , 056, ATH, 2024."
DM_V1_057,/art/The_Drawing_Machine/Version_1/057.png,"The Drawing Machine, Version 1 , 057, ATH, 2024."
DM_V1_058,/art/The_Drawing_Machine/Version_1/058.png,"The Drawing Machine, Version 1 , 058, ATH, 2024."
DM_V1_059,/art/The_Drawing_Machine/Version_1/059.png,"The Drawing Machine, Version 1 , 059, ATH, 2024."
DM_V1_060,/art/The_Drawing_Machine/Version_1/060.png,"The Drawing Machine, Version 1 , 060, ATH, 2024."
DM_V1_061,/art/The_Drawing_Machine/Version_1/061.png,"The Drawing Machine, Version 1 , 061, ATH, 2024."
DM_V1_062,/art/The_Drawing_Machine/Version_1/062.png,"The Drawing Machine, Version 1 , 062, ATH, 2024."
DM_V1_063,/art/The_Drawing_Machine/Version_1/063.png,"The Drawing Machine, Version 1 , 063, ATH, 2024."
DM_V1_064,/art/The_Drawing_Machine/Version_1/064.png,"The Drawing Machine, Version 1 , 064, ATH, 2024."
DM_V1_065,/art/The_Drawing_Machine/Version_1/065.png,"The Drawing Machine, Version 1 , 065, ATH, 2024."
DM_V1_066,/art/The_Drawing_Machine/Version_1/066.png,"The Drawing Machine, Version 1 , 066, ATH, 2024."
DM_V1_067,/art/The_Drawing_Machine/Version_1/067.png,"The Drawing Machine, Version 1 , 067, ATH, 2024."
DM_V1_068,/art/The_Drawing_Machine/Version_1/068.png,"The Drawing Machine, Version 1 , 068, ATH, 2024."
DM_V1_069,/art/The_Drawing_Machine/Version_1/069.png,"The Drawing Machine, Version 1 , 069, ATH, 2024."
DM_V1_070,/art/The_Drawing_Machine/Version_1/070.png,"The Drawing Machine, Version 1 , 070, ATH, 2024."
DM_V1_071,/art/The_Drawing_Machine/Version_1/071.png,"The Drawing Machine, Version 1 , 071, ATH, 2024."
DM_V1_072,/art/The_Drawing_Machine/Version_1/072.png,"The Drawing Machine, Version 1 , 072, ATH, 2024."
DM_V1_073,/art/The_Drawing_Machine/Version_1/073.png,"The Drawing Machine, Version 1 , 073, ATH, 2024."
DM_V1_074,/art/The_Drawing_Machine/Version_1/074.png,"The Drawing Machine, Version 1 , 074, ATH, 2024."
DM_V1_075,/art/The_Drawing_Machine/Version_1/075.png,"The Drawing Machine, Version 1 , 075, ATH, 2024."
DM_V1_076,/art/The_Drawing_Machine/Version_1/076.png,"The Drawing Machine, Version 1 , 076, ATH, 2024."
DM_V1_077,/art/The_Drawing_Machine/Version_1/077.png,"The Drawing Machine, Version 1 , 077, ATH, 2024."
DM_V1_078,/art/The_Drawing_Machine/Version_1/078.png,"The Drawing Machine, Version 1 , 078, ATH, 2024."
DM_V1_079,/art/The_Drawing_Machine/Version_1/079.png,"The Drawing Machine, Version 1 , 079, ATH, 2024."
DM_V1_080,/art/The_Drawing_Machine/Version_1/080.png,"The Drawing Machine, Version 1 , 080, ATH, 2024."
DM_V1_081,/art/The_Drawing_Machine/Version_1/081.png,"The Drawing Machine, Version 1 , 081, ATH, 2024."
DM_V1_082,/art/The_Drawing_Machine/Version_1/082.png,"The Drawing Machine, Version 1 , 082, ATH, 2024."
DM_V1_083,/art/The_Drawing_Machine/Version_1/083.png,"The Drawing Machine, Version 1 , 083, ATH, 2024."
DM_V1_084,/art/The_Drawing_Machine/Version_1/084.png,"The Drawing Machine, Version 1 , 084, ATH, 2024."
DM_V1_085,/art/The_Drawing_Machine/Version_1/085.png,"The Drawing Machine, Version 1 , 085, ATH, 2024."
DM_V1_086,/art/The_Drawing_Machine/Version_1/086.png,"The Drawing Machine, Version 1 , 086, ATH, 2024."
DM_V1_087,/art/The_Drawing_Machine/Version_1/087.png,"The Drawing Machine, Version 1 , 087, ATH, 2024."
DM_V1_088,/art/The_Drawing_Machine/Version_1/088.png,"The Drawing Machine, Version 1 , 088, ATH, 2024."
DM_V1_089,/art/The_Drawing_Machine/Version_1/089.png,"The Drawing Machine, Version 1 , 089, ATH, 2024."
DM_V1_090,/art/The_Drawing_Machine/Version_1/090.png,"The Drawing Machine, Version 1 , 090, ATH, 2024."
DM_V1_091,/art/The_Drawing_Machine/Version_1/091.png,"The Drawing Machine, Version 1 , 091, ATH, 2024."
DM_V1_092,/art/The_Drawing_Machine/Version_1/092.png,"The Drawing Machine, Version 1 , 092, ATH, 2024."
DM_V1_093,/art/The_Drawing_Machine/Version_1/093.png,"The Drawing Machine, Version 1 , 093, ATH, 2024."
DM_V1_094,/art/The_Drawing_Machine/Version_1/094.png,"The Drawing Machine, Version 1 , 094, ATH, 2024."
DM_V1_095,/art/The_Drawing_Machine/Version_1/095.png,"The Drawing Machine, Version 1 , 095, ATH, 2024."
DM_V1_096,/art/The_Drawing_Machine/Version_1/096.png,"The Drawing Machine, Version 1 , 096, ATH, 2024."
DM_V1_097,/art/The_Drawing_Machine/Version_1/097.png,"The Drawing Machine, Version 1 , 097, ATH, 2024."
DM_V1_098,/art/The_Drawing_Machine/Version_1/098.png,"The Drawing Machine, Version 1 , 098, ATH, 2024."
DM_V1_099,/art/The_Drawing_Machine/Version_1/099.png,"The Drawing Machine, Version 1 , 099, ATH, 2024."
DM_V1_100,/art/The_Drawing_Machine/Version_1/100.png,"The Drawing Machine, Version 1 , 100, ATH, 2024."
DM_V1_101,/art/The_Drawing_Machine/Version_1/101.png,"The Drawing Machine, Version 1 , 101, ATH, 2024."
DM_V1_102,/art/The_Drawing_Machine/Version_1/102.png,"The Drawing Machine, Version 1 , 102, ATH, 2024."
DM_V1_103,/art/The_Drawing_Machine/Version_1/103.png,"The Drawing Machine, Version 1 , 103, ATH, 2024."
DM_V1_104,/art/The_Drawing_Machine/Version_1/104.png,"The Drawing Machine, Version 1 , 104, ATH, 2024."
DM_V1_105,/art/The_Drawing_Machine/Version_1/105.png,"The Drawing Machine, Version 1 , 105, ATH, 2024."
DM_V1_106,/art/The_Drawing_Machine/Version_1/106.png,"The Drawing Machine, Version 1 , 106, ATH, 2024."
DM_V1_107,/art/The_Drawing_Machine/Version_1/107.png,"The Drawing Machine, Version 1 , 107, ATH, 2024."
DM_V1_108,/art/The_Drawing_Machine/Version_1/108.png,"The Drawing Machine, Version 1 , 108, ATH, 2024."
DM_V1_109,/art/The_Drawing_Machine/Version_1/109.png,"The Drawing Machine, Version 1 , 109, ATH, 2024."
DM_V1_110,/art/The_Drawing_Machine/Version_1/110.png,"The Drawing Machine, Version 1 , 110, ATH, 2024."
DM_V1_111,/art/The_Drawing_Machine/Version_1/111.png,"The Drawing Machine, Version 1 , 111, ATH, 2024."
DM_V1_112,/art/The_Drawing_Machine/Version_1/112.png,"The Drawing Machine, Version 1 , 112, ATH, 2024."
DM_V1_113,/art/The_Drawing_Machine/Version_1/113.png,"The Drawing Machine, Version 1 , 113, ATH, 2024."
DM_V1_114,/art/The_Drawing_Machine/Version_1/114.png,"The Drawing Machine, Version 1 , 114, ATH, 2024."
DM_V1_115,/art/The_Drawing_Machine/Version_1/115.png,"The Drawing Machine, Version 1 , 115, ATH, 2024."
DM_V1_116,/art/The_Drawing_Machine/Version_1/116.png,"The Drawing Machine, Version 1 , 116, ATH, 2024."
DM_V1_117,/art/The_Drawing_Machine/Version_1/117.png,"The Drawing Machine, Version 1 , 117, ATH, 2024."
DM_V1_118,/art/The_Drawing_Machine/Version_1/118.png,"The Drawing Machine, Version 1 , 118, ATH, 2024."
DM_V1_119,/art/The_Drawing_Machine/Version_1/119.png,"The Drawing Machine, Version 1 , 119, ATH, 2024."
DM_V1_120,/art/The_Drawing_Machine/Version_1/120.png,"The Drawing Machine, Version 1 , 120, ATH, 2024."
DM_V1_121,/art/The_Drawing_Machine/Version_1/121.png,"The Drawing Machine, Version 1 , 121, ATH, 2024."
DM_V1_122,/art/The_Drawing_Machine/Version_1/122.png,"The Drawing Machine, Version 1 , 122, ATH, 2024."
DM_V1_123,/art/The_Drawing_Machine/Version_1/123.png,"The Drawing Machine, Version 1 , 123, ATH, 2024."
DM_V1_124,/art/The_Drawing_Machine/Version_1/124.png,"The Drawing Machine, Version 1 , 124, ATH, 2024."
DM_V1_125,/art/The_Drawing_Machine/Version_1/125.png,"The Drawing Machine, Version 1 , 125, ATH, 2024."
DM_V1_126,/art/The_Drawing_Machine/Version_1/126.png,"The Drawing Machine, Version 1 , 126, ATH, 2024."
DM_V1_127,/art/The_Drawing_Machine/Version_1/127.png,"The Drawing Machine, Version 1 , 127, ATH, 2024."
DM_V1_128,/art/The_Drawing_Machine/Version_1/128.png,"The Drawing Machine, Version 1 , 128, ATH, 2024."
DM_V1_129,/art/The_Drawing_Machine/Version_1/129.png,"The Drawing Machine, Version 1 , 129, ATH, 2024."
DM_V1_130,/art/The_Drawing_Machine/Version_1/130.png,"The Drawing Machine, Version 1 , 130, ATH, 2024."
DM_V1_131,/art/The_Drawing_Machine/Version_1/131.png,"The Drawing Machine, Version 1 , 131, ATH, 2024."
DM_V1_132,/art/The_Drawing_Machine/Version_1/132.png,"The Drawing Machine, Version 1 , 132, ATH, 2024."
DM_V1_133,/art/The_Drawing_Machine/Version_1/133.png,"The Drawing Machine, Version 1 , 133, ATH, 2024."
DM_V1_134,/art/The_Drawing_Machine/Version_1/134.png,"The Drawing Machine, Version 1 , 134, ATH, 2024."
DM_V1_135,/art/The_Drawing_Machine/Version_1/135.png,"The Drawing Machine, Version 1 , 135, ATH, 2024."
DM_V1_136,/art/The_Drawing_Machine/Version_1/136.png,"The Drawing Machine, Version 1 , 136, ATH, 2024."
DM_V1_137,/art/The_Drawing_Machine/Version_1/137.png,"The Drawing Machine, Version 1 , 137, ATH, 2024."
DM_V1_138,/art/The_Drawing_Machine/Version_1/138.png,"The Drawing Machine, Version 1 , 138, ATH, 2024."
DM_V1_139,/art/The_Drawing_Machine/Version_1/139.png,"The Drawing Machine, Version 1 , 139, ATH, 2024."
DM_V1_140,/art/The_Drawing_Machine/Version_1/140.png,"The Drawing Machine, Version 1 , 140, ATH, 2024."
DM_V1_141,/art/The_Drawing_Machine/Version_1/141.png,"The Drawing Machine, Version 1 , 141, ATH, 2024."
DM_V1_142,/art/The_Drawing_Machine/Version_1/142.png,"The Drawing Machine, Version 1 , 142, ATH, 2024."
DM_V1_143,/art/The_Drawing_Machine/Version_1/143.png,"The Drawing Machine, Version 1 , 143, ATH, 2024."
DM_V1_144,/art/The_Drawing_Machine/Version_1/144.png,"The Drawing Machine, Version 1 , 144, ATH, 2024."
DM_V1_145,/art/The_Drawing_Machine/Version_1/145.png,"The Drawing Machine, Version 1 , 145, ATH, 2024."
DM_V1_146,/art/The_Drawing_Machine/Version_1/146.png,"The Drawing Machine, Version 1 , 146, ATH, 2024."
DM_V1_147,/art/The_Drawing_Machine/Version_1/147.png,"The Drawing Machine, Version 1 , 147, ATH, 2024."
DM_V1_148,/art/The_Drawing_Machine/Version_1/148.png,"The Drawing Machine, Version 1 , 148, ATH, 2024."
DM_V1_149,/art/The_Drawing_Machine/Version_1/149.png,"The Drawing Machine, Version 1 , 149, ATH, 2024."
DM_V1_150,/art/The_Drawing_Machine/Version_1/150.png,"The Drawing Machine, Version 1 , 150, ATH, 2024."
DM_V1_151,/art/The_Drawing_Machine/Version_1/151.png,"The Drawing Machine, Version 1 , 151, ATH, 2024."
DM_V1_152,/art/The_Drawing_Machine/Version_1/152.png,"The Drawing Machine, Version 1 , 152, ATH, 2024."
DM_V1_153,/art/The_Drawing_Machine/Version_1/153.png,"The Drawing Machine, Version 1 , 153, ATH, 2024."
DM_V1_154,/art/The_Drawing_Machine/Version_1/154.png,"The Drawing Machine, Version 1 , 154, ATH, 2024."
DM_V1_155,/art/The_Drawing_Machine/Version_1/155.png,"The Drawing Machine, Version 1 , 155, ATH, 2024."
DM_V1_156,/art/The_Drawing_Machine/Version_1/156.png,"The Drawing Machine, Version 1 , 156, ATH, 2024."
DM_V1_157,/art/The_Drawing_Machine/Version_1/157.png,"The Drawing Machine, Version 1 , 157, ATH, 2024."
DM_V1_158,/art/The_Drawing_Machine/Version_1/158.png,"The Drawing Machine, Version 1 , 158, ATH, 2024."
DM_V1_159,/art/The_Drawing_Machine/Version_1/159.png,"The Drawing Machine, Version 1 , 159, ATH, 2024."
DM_V1_160,/art/The_Drawing_Machine/Version_1/160.png,"The Drawing Machine, Version 1 , 160, ATH, 2024."
DM_V1_161,/art/The_Drawing_Machine/Version_1/161.png,"The Drawing Machine, Version 1 , 161, ATH, 2024."
DM_V1_162,/art/The_Drawing_Machine/Version_1/162.png,"The Drawing Machine, Version 1 , 162, ATH, 2024."
DM_V1_163,/art/The_Drawing_Machine/Version_1/163.png,"The Drawing Machine, Version 1 , 163, ATH, 2024."
DM_V1_164,/art/The_Drawing_Machine/Version_1/164.png,"The Drawing Machine, Version 1 , 164, ATH, 2024."
DM_V1_165,/art/The_Drawing_Machine/Version_1/165.png,"The Drawing Machine, Version 1 , 165, ATH, 2024."
DM_V1_166,/art/The_Drawing_Machine/Version_1/166.png,"The Drawing Machine, Version 1 , 166, ATH, 2024."
DM_V1_167,/art/The_Drawing_Machine/Version_1/167.png,"The Drawing Machine, Version 1 , 167, ATH, 2024."
DM_V1_168,/art/The_Drawing_Machine/Version_1/168.png,"The Drawing Machine, Version 1 , 168, ATH, 2024."
DM_V1_169,/art/The_Drawing_Machine/Version_1/169.png,"The Drawing Machine, Version 1 , 169, ATH, 2024."
DM_V1_170,/art/The_Drawing_Machine/Version_1/170.png,"The Drawing Machine, Version 1 , 170, ATH, 2024."
DM_V1_171,/art/The_Drawing_Machine/Version_1/171.png,"The Drawing Machine, Version 1 , 171, ATH, 2024."
DM_V1_172,/art/The_Drawing_Machine/Version_1/172.png,"The Drawing Machine, Version 1 , 172, ATH, 2024."
DM_V1_173,/art/The_Drawing_Machine/Version_1/173.png,"The Drawing Machine, Version 1 , 173, ATH, 2024."
DM_V1_174,/art/The_Drawing_Machine/Version_1/174.png,"The Drawing Machine, Version 1 , 174, ATH, 2024."
DM_V1_175,/art/The_Drawing_Machine/Version_1/175.png,"The Drawing Machine, Version 1 , 175, ATH, 2024."
DM_V1_176,/art/The_Drawing_Machine/Version_1/176.png,"The Drawing Machine, Version 1 , 176, ATH, 2024."
DM_V1_177,/art/The_Drawing_Machine/Version_1/177.png,"The Drawing Machine, Version 1 , 177, ATH, 2024."
DM_V1_178,/art/The_Drawing_Machine/Version_1/178.png,"The Drawing Machine, Version 1 , 178, ATH, 2024."
DM_V1_179,/art/The_Drawing_Machine/Version_1/179.png,"The Drawing Machine, Version 1 , 179, ATH, 2024."
DM_V1_180,/art/The_Drawing_Machine/Version_1/180.png,"The Drawing Machine, Version 1 , 180, ATH, 2024."
DM_V1_181,/art/The_Drawing_Machine/Version_1/181.png,"The Drawing Machine, Version 1 , 181, ATH, 2024."
DM_V1_182,/art/The_Drawing_Machine/Version_1/182.png,"The Drawing Machine, Version 1 , 182, ATH, 2024."
DM_V1_183,/art/The_Drawing_Machine/Version_1/183.png,"The Drawing Machine, Version 1 , 183, ATH, 2024."
DM_V1_184,/art/The_Drawing_Machine/Version_1/184.png,"The Drawing Machine, Version 1 , 184, ATH, 2024."
DM_V1_185,/art/The_Drawing_Machine/Version_1/185.png,"The Drawing Machine, Version 1 , 185, ATH, 2024."
DM_V1_186,/art/The_Drawing_Machine/Version_1/186.png,"The Drawing Machine, Version 1 , 186, ATH, 2024."
DM_V1_187,/art/The_Drawing_Machine/Version_1/187.png,"The Drawing Machine, Version 1 , 187, ATH, 2024."
DM_V1_188,/art/The_Drawing_Machine/Version_1/188.png,"The Drawing Machine, Version 1 , 188, ATH, 2024."
DM_V1_189,/art/The_Drawing_Machine/Version_1/189.png,"The Drawing Machine, Version 1 , 189, ATH, 2024."
DM_V1_190,/art/The_Drawing_Machine/Version_1/190.png,"The Drawing Machine, Version 1 , 190, ATH, 2024."
DM_V1_191,/art/The_Drawing_Machine/Version_1/191.png,"The Drawing Machine, Version 1 , 191, ATH, 2024."
DM_V1_192,/art/The_Drawing_Machine/Version_1/192.png,"The Drawing Machine, Version 1 , 192, ATH, 2024."
DM_V1_193,/art/The_Drawing_Machine/Version_1/193.png,"The Drawing Machine, Version 1 , 193, ATH, 2024."
DM_V1_194,/art/The_Drawing_Machine/Version_1/194.png,"The Drawing Machine, Version 1 , 194, ATH, 2024."
DM_V1_195,/art/The_Drawing_Machine/Version_1/195.png,"The Drawing Machine, Version 1 , 195, ATH, 2024."
DM_V1_196,/art/The_Drawing_Machine/Version_1/196.png,"The Drawing Machine, Version 1 , 196, ATH, 2024."
DM_V1_197,/art/The_Drawing_Machine/Version_1/197.png,"The Drawing Machine, Version 1 , 197, ATH, 2024."
DM_V1_198,/art/The_Drawing_Machine/Version_1/198.png,"The Drawing Machine, Version 1 , 198, ATH, 2024."
DM_V1_199,/art/The_Drawing_Machine/Version_1/199.png,"The Drawing Machine, Version 1 , 199, ATH, 2024."
DM_V1_200,/art/The_Drawing_Machine/Version_1/200.png,"The Drawing Machine, Version 1 , 200, ATH, 2024."
DM_V1_201,/art/The_Drawing_Machine/Version_1/201.png,"The Drawing Machine, Version 1 , 201, ATH, 2024."
DM_V1_202,/art/The_Drawing_Machine/Version_1/202.png,"The Drawing Machine, Version 1 , 202, ATH, 2024."
DM_V1_203,/art/The_Drawing_Machine/Version_1/203.png,"The Drawing Machine, Version 1 , 203, ATH, 2024."
DM_V1_204,/art/The_Drawing_Machine/Version_1/204.png,"The Drawing Machine, Version 1 , 204, ATH, 2024."
DM_V1_205,/art/The_Drawing_Machine/Version_1/205.png,"The Drawing Machine, Version 1 , 205, ATH, 2024."
DM_V1_206,/art/The_Drawing_Machine/Version_1/206.png,"The Drawing Machine, Version 1 , 206, ATH, 2024."
DM_V1_207,/art/The_Drawing_Machine/Version_1/207.png,"The Drawing Machine, Version 1 , 207, ATH, 2024."
DM_V1_208,/art/The_Drawing_Machine/Version_1/208.png,"The Drawing Machine, Version 1 , 208, ATH, 2024."
DM_V1_209,/art/The_Drawing_Machine/Version_1/209.png,"The Drawing Machine, Version 1 , 209, ATH, 2024."
DM_V1_210,/art/The_Drawing_Machine/Version_1/210.png,"The Drawing Machine, Version 1 , 210, ATH, 2024."
DM_V1_211,/art/The_Drawing_Machine/Version_1/211.png,"The Drawing Machine, Version 1 , 211, ATH, 2024."
DM_V1_212,/art/The_Drawing_Machine/Version_1/212.png,"The Drawing Machine, Version 1 , 212, ATH, 2024."
DM_V1_213,/art/The_Drawing_Machine/Version_1/213.png,"The Drawing Machine, Version 1 , 213, ATH, 2024."
DM_V1_214,/art/The_Drawing_Machine/Version_1/214.png,"The Drawing Machine, Version 1 , 214, ATH, 2024."
DM_V1_215,/art/The_Drawing_Machine/Version_1/215.png,"The Drawing Machine, Version 1 , 215, ATH, 2024."
DM_V1_216,/art/The_Drawing_Machine/Version_1/216.png,"The Drawing Machine, Version 1 , 216, ATH, 2024."
DM_V1_217,/art/The_Drawing_Machine/Version_1/217.png,"The Drawing Machine, Version 1 , 217, ATH, 2024."
DM_V2_001,/art/The_Drawing_Machine/Version_2/001.png,"The Drawing Machine, Version 2 , ATH, 2024."
DM_V2_002,/art/The_Drawing_Machine/Version_2/002.png,"The Drawing Machine, Version 2 , ATH, 2024."
DM_V2_003,/art/The_Drawing_Machine/Version_2/003.png,"The Drawing Machine, Version 2 , ATH, 2024."
DM_V2_004,/art/The_Drawing_Machine/Version_2/004.png,"The Drawing Machine, Version 2 , ATH, 2024."
DM_V2_005,/art/The_Drawing_Machine/Version_2/005.png,"The Drawing Machine, Version 2 , ATH, 2024."
DM_V2_006,/art/The_Drawing_Machine/Version_2/006.png,"The Drawing Machine, Version 2 , ATH, 2024."
DM_V2_007,/art/The_Drawing_Machine/Version_2/007.png,"The Drawing Machine, Version 2 , ATH, 2024."
DM_V2_008,/art/The_Drawing_Machine/Version_2/008.png,"The Drawing Machine, Version 2 , ATH, 2024."
DM_V3_001,/art/The_Drawing_Machine/Version_3/001.png,"The Drawing Machine, Version 3 , ATH, 2024."
DM_V3_002,/art/The_Drawing_Machine/Version_3/002.png,"The Drawing Machine, Version 3 , ATH, 2024."
DM_V3_003,/art/The_Drawing_Machine/Version_3/003.png,"The Drawing Machine, Version 3 , ATH, 2024."
DM_V3_004,/art/The_Drawing_Machine/Version_3/004.png,"The Drawing Machine, Version 3 , ATH, 2024."
DM_V3_005,/art/The_Drawing_Machine/Version_3/005.png,"The Drawing Machine, Version 3 , ATH, 2024."
DM_V3_006,/art/The_Drawing_Machine/Version_3/006.png,"The Drawing Machine, Version 3 , ATH, 2024."
DM_V3_007,/art/The_Drawing_Machine/Version_3/007.png,"The Drawing Machine, Version 3 , ATH, 2024."
DM_V3_008,/art/The_Drawing_Machine/Version_3/008.png,"The Drawing Machine, Version 3 , ATH, 2024."
DM_V3_009,/art/The_Drawing_Machine/Version_3/009.png,"The Drawing Machine, Version 3 , ATH, 2024."
DM_V3_010,/art/The_Drawing_Machine/Version_3/010.png,"The Drawing Machine, Version 3 , ATH, 2024."
DM_V3_011,/art/The_Drawing_Machine/Version_3/011.png,"The Drawing Machine, Version 3 , ATH, 2024."
DM_V3_012,/art/The_Drawing_Machine/Version_3/012.png,"The Drawing Machine, Version 3 , ATH, 2024."
DM_V3_013,/art/The_Drawing_Machine/Version_3/013.png,"The Drawing Machine, Version 3 , ATH, 2024."
DM_V3_014,/art/The_Drawing_Machine/Version_3/014.png,"The Drawing Machine, Version 3 , ATH, 2024."
DM_V3_015,/art/The_Drawing_Machine/Version_3/015.png,"The Drawing Machine, Version 3 , ATH, 2024."
DM_V3_016,/art/The_Drawing_Machine/Version_3/016.png,"The Drawing Machine, Version 3 , ATH, 2024."
DM_V3_017,/art/The_Drawing_Machine/Version_3/017.png,"The Drawing Machine, Version 3 , ATH, 2024."
DM_V3_018,/art/The_Drawing_Machine/Version_3/018.png,"The Drawing Machine, Version 3 , ATH, 2024."
DM_V3_019,/art/The_Drawing_Machine/Version_3/019.png,"The Drawing Machine, Version 3 , ATH, 2024."
DM_V3_020,/art/The_Drawing_Machine/Version_3/020.png,"The Drawing Machine, Version 3 , ATH, 2024."
DM_V3_021,/art/The_Drawing_Machine/Version_3/021.png,"The Drawing Machine, Version 3 , ATH, 2024."
DM_V3_022,/art/The_Drawing_Machine/Version_3/022.png,"The Drawing Machine, Version 3 , ATH, 2024."
DM_V4_001,/art/The_Drawing_Machine/Version_4/001.png,"The Drawing Machine, Version 4 , ATH, 2024."
DM_V4_002,/art/The_Drawing_Machine/Version_4/002.png,"The Drawing Machine, Version 4 , ATH, 2024."
DM_V5_001,/art/The_Drawing_Machine/Version_5/001.png,"The Drawing Machine, Version 5 , ATH, 2024."
DM_V5_002,/art/The_Drawing_Machine/Version_5/002.png,"The Drawing Machine, Version 5 , ATH, 2024."
DM_V5_003,/art/The_Drawing_Machine/Version_5/003.png,"The Drawing Machine, Version 5 , ATH, 2024."
DM_V5_004,/art/The_Drawing_Machine/Version_5/004.png,"The Drawing Machine, Version 5 , ATH, 2024."
DM_V5_005,/art/The_Drawing_Machine/Version_5/005.png,"The Drawing Machine, Version 5 , ATH, 2024."
DM_V5_006,/art/The_Drawing_Machine/Version_5/006.png,"The Drawing Machine, Version 5 , ATH, 2024."
DM_V5_007,/art/The_Drawing_Machine/Version_5/007.png,"The Drawing Machine, Version 5 , ATH, 2024."
DM_V5_008,/art/The_Drawing_Machine/Version_5/008.png,"The Drawing Machine, Version 5 , ATH, 2024."
DM_V5_009,/art/The_Drawing_Machine/Version_5/009.png,"The Drawing Machine, Version 5 , ATH, 2024."
DM_V5_010,/art/The_Drawing_Machine/Version_5/010.png,"The Drawing Machine, Version 5 , ATH, 2024."
DM_V5_011,/art/The_Drawing_Machine/Version_5/011.png,"The Drawing Machine, Version 5 , ATH, 2024."
DM_V5_012,/art/The_Drawing_Machine/Version_5/012.png,"The Drawing Machine, Version 5 , ATH, 2024."
DM_V5_013,/art/The_Drawing_Machine/Version_5/013.png,"The Drawing Machine, Version 5 , ATH, 2024."
DM_V5_014,/art/The_Drawing_Machine/Version_5/014.png,"The Drawing Machine, Version 5 , ATH, 2024."
DM_V5_015,/art/The_Drawing_Machine/Version_5/015.png,"The Drawing Machine, Version 5 , ATH, 2024."
DM_V5_016,/art/The_Drawing_Machine/Version_5/016.png,"The Drawing Machine, Version 5 , ATH, 2024."
DM_V5_017,/art/The_Drawing_Machine/Version_5/017.png,"The Drawing Machine, Version 5 , ATH, 2024."
DM_V5_018,/art/The_Drawing_Machine/Version_5/018.png,"The Drawing Machine, Version 5 , ATH, 2024."
DM_V5_019,/art/The_Drawing_Machine/Version_5/019.png,"The Drawing Machine, Version 5 , ATH, 2024."
DM_V5_020,/art/The_Drawing_Machine/Version_5/020.png,"The Drawing Machine, Version 5 , ATH, 2024."
DM_V5_021,/art/The_Drawing_Machine/Version_5/021.png,"The Drawing Machine, Version 5 , ATH, 2024."
DM_V5_022,/art/The_Drawing_Machine/Version_5/022.png,"The Drawing Machine, Version 5 , ATH, 2024."
DM_V5_023,/art/The_Drawing_Machine/Version_5/023.png,"The Drawing Machine, Version 5 , ATH, 2024."
DM_V5_024,/art/The_Drawing_Machine/Version_5/024.png,"The Drawing Machine, Version 5 , ATH, 2024."
DM_V5_025,/art/The_Drawing_Machine/Version_5/025.png,"The Drawing Machine, Version 5 , ATH, 2024."
DM_V5_026,/art/The_Drawing_Machine/Version_5/026.png,"The Drawing Machine, Version 5 , ATH, 2024."
DM_V5_027,/art/The_Drawing_Machine/Version_5/027.png,"The Drawing Machine, Version 5 , ATH, 2024."
DM_V5_028,/art/The_Drawing_Machine/Version_5/028.png,"The Drawing Machine, Version 5 , ATH, 2024."
DM_V5_029,/art/The_Drawing_Machine/Version_5/029.png,"The Drawing Machine, Version 5 , ATH, 2024."
DM_V5_030,/art/The_Drawing_Machine/Version_5/030.png,"The Drawing Machine, Version 5 , ATH, 2024."
DM_V5_031,/art/The_Drawing_Machine/Version_5/031.png,"The Drawing Machine, Version 5 , ATH, 2024."
DM_V5_032,/art/The_Drawing_Machine/Version_5/032.png,"The Drawing Machine, Version 5 , ATH, 2024."
DM_V5_033,/art/The_Drawing_Machine/Version_5/033.png,"The Drawing Machine, Version 5 , ATH, 2024."
DM_V5_034,/art/The_Drawing_Machine/Version_5/034.png,"The Drawing Machine, Version 5 , ATH, 2024."
DM_V5_035,/art/The_Drawing_Machine/Version_5/035.png,"The Drawing Machine, Version 5 , ATH, 2024."
DM_V5_036,/art/The_Drawing_Machine/Version_5/036.png,"The Drawing Machine, Version 5 , ATH, 2024."
DM_V5_037,/art/The_Drawing_Machine/Version_5/037.png,"The Drawing Machine, Version 5 , ATH, 2024."
DM_V5_038,/art/The_Drawing_Machine/Version_5/038.png,"The Drawing Machine, Version 5 , ATH, 2024."
DM_V5_039,/art/The_Drawing_Machine/Version_5/039.png,"The Drawing Machine, Version 5 , ATH, 2024."
DM_V5_040,/art/The_Drawing_Machine/Version_5/040.png,"The Drawing Machine, Version 5 , ATH, 2024."
DM_V5_041,/art/The_Drawing_Machine/Version_5/041.png,"The Drawing Machine, Version 5 , ATH, 2024."
DM_V5_042,/art/The_Drawing_Machine/Version_5/042.png,"The Drawing Machine, Version 5 , ATH, 2024."
DM_V5_043,/art/The_Drawing_Machine/Version_5/043.png,"The Drawing Machine, Version 5 , ATH, 2024."
DM_V5_044,/art/The_Drawing_Machine/Version_5/044.png,"The Drawing Machine, Version 5 , ATH, 2024."
DM_V5_045,/art/The_Drawing_Machine/Version_5/045.png,"The Drawing Machine, Version 5 , ATH, 2024."
MTU_001,/art/Mixing_Things_Up/001.png,"Mixing Things Up , ATH, 2024."
MTU_002,/art/Mixing_Things_Up/002.png,"Mixing Things Up , ATH, 2024."
MTU_003,/art/Mixing_Things_Up/003.png,"Mixing Things Up , ATH, 2024."
MTU_004,/art/Mixing_Things_Up/004.png,"Mixing Things Up , ATH, 2024."
MTU_005,/art/Mixing_Things_Up/005.png,"Mixing Things Up , ATH, 2024."
MTU_006,/art/Mixing_Things_Up/006.png,"Mixing Things Up , ATH, 2024."
MTU_007,/art/Mixing_Things_Up/007.png,"Mixing Things Up , ATH, 2024."
MTU_008,/art/Mixing_Things_Up/008.png,"Mixing Things Up , ATH, 2024."
MTU_009,/art/Mixing_Things_Up/009.png,"Mixing Things Up , ATH, 2024."
MTU_010,/art/Mixing_Things_Up/010.png,"Mixing Things Up , ATH, 2024."
MTU_011,/art/Mixing_Things_Up/011.png,"Mixing Things Up , ATH, 2024."
MTU_012,/art/Mixing_Things_Up/012.png,"Mixing Things Up , ATH, 2024."
MTU_013,/art/Mixing_Things_Up/013.png,"Mixing Things Up , ATH, 2024."
MTU_014,/art/Mixing_Things_Up/014.png,"Mixing Things Up , ATH, 2024."
MTU_015,/art/Mixing_Things_Up/015.png,"Mixing Things Up , ATH, 2024."
MTU_016,/art/Mixing_Things_Up/016.png,"Mixing Things Up , ATH, 2024."
MTU_017,/art/Mixing_Things_Up/017.png,"Mixing Things Up , ATH, 2024."
MTU_018,/art/Mixing_Things_Up/018.png,"Mixing Things Up , ATH, 2024."